<Ui xmlns="http://www.blizzard.com/wow/ui/" xmlns:xsi="http://www.w3.org/2001/XMLSchema-instance" xsi:schemaLocation="http://www.blizzard.com/wow/ui/ ..FrameXMLUI.xsd">

    <Script file="Guides/Classic-Alliance-Mage-1-12.lua"/>
    <Script file="Guides/Classic-Alliance-Mage-12-21.lua"/>
    <Script file="Guides/Classic-Alliance-1-10_NightElf.lua"/>
    <Script file="Guides/Classic-Alliance-1-13_Human.lua"/>
    <Script file="Guides/Classic-Alliance-1-14_DwarfGnome.lua"/>
    <Script file="Guides/Classic-Alliance-11-20.lua"/>
	<Script file="Guides/Alliance.lua"/>
		
    <Script file="Guides/Classic-Horde-01-12_Durotar.lua"/>
    <Script file="Guides/Classic-Horde-01-14_Undead.lua"/>
    <Script file="Guides/Classic-Horde-1-12_Mulgore.lua"/>
    <Script file="Guides/Classic-Horde-12-22_Barrens.lua"/>
    <Script file="Guides/Classic-Horde-Mage-12-21.lua"/>
    <Script file="Guides/RestedXP-Classic-Alliance-1.lua"/>
    <Script file="Guides/RestedXP-Classic-Alliance-2.lua"/>
    <Script file="Guides/RestedXP-Classic-A-Mage-1.lua"/>
    <Script file="Guides/RestedXP-Classic-Horde-1.lua"/>
    <Script file="Guides/RestedXP-Classic-Horde-2.lua"/>
    <Script file="Guides/RestedXP-Classic-H-Mage-1.lua"/>
	<Script file="Guides/Horde.lua"/>
	<Script file="Guides/Custom.lua"/>
    
</Ui>